注文日,出荷日,商品,メーカー品番,JAN,数量,単価,小計（税抜）
2026/09/20,2026/09/25,HK: Die-cut Cushion [Pancake] 27×32×12cm,,4992272888638,24,1785,42840
2026/09/20,2026/09/25,Assorted Eraser 100pcs,,4997015010017,24,2518,60432
2026/09/20,2026/09/25,SR: Assorted Characters Plush keychain [Funwari 6],,4571617070909,24,656,15744
2026/09/20,2026/09/25,Mascara Remover 6ml [Privacy],,4901477704711,24,553,13272
2026/09/20,2026/09/25,Momori Hair Oil 100ml,,4904651186730,24,511,12264
2026/09/20,2026/09/25,Cow Brand Soap [Blue],,4901525010634,24,67,1608
2026/09/20,2026/09/25,Matcha KitKat Mini 12pcs,,4902201178921,48,598,28704
2026/09/20,2026/09/25,Daruma Wooden Figure 10cm,,4580123450011,20,1250,25000
2026/09/20,2026/09/25,Furoshiki Cotton Wrap 50cm,,4580123450028,30,880,26400
